id,name,gender,paid,isFiliated,state,date
1,Goofy Payne,Não-binário,623.73,True,SC,04-01-2024
2,Zen Mccarthy,Não-binário,827.08,False,PB,18-04-2021
3,Inspiring Hofstadter,Masculino,480.45,False,PI,05-01-2020
4,Focused Gauss,Não-binário,623.07,True,PI,01-05-2020
5,Ecstatic Kilby,Masculino,813.21,False,GO,18-02-2022
6,Nostalgic Spence,Feminino,157.36,False,ES,09-11-2021
7,Musing Babbage,Masculino,773.20,True,SC,16-11-2024
8,Nice Bassi,Feminino,189.29,False,AP,17-09-2020
9,Stoic Cohen,Masculino,nan,True,BA,07-04-2020
10,Fervent Mccarthy,Feminino,413.04,True,AP,05-03-2023
11,Mystifying Lalande,Masculino,1969.37,False,AC,25-11-2021
12,Recursing Shirley,Masculino,636.80,True,RR,21-05-2023
13,Festive Heyrovsky,Não-binário,1563.27,False,BA,18-10-2023
14,Nice Moser,Não-binário,438.83,False,MS,12-10-2024
15,Dreamy Fermi,Feminino,453.16,False,AC,21-10-2020
16,Adoring Edison,Feminino,707.78,True,MT,30-01-2020
17,Festive Banzai,Não-binário,2385.58,True,PA,24-08-2022
18,Heuristic Tereshkova,Masculino,456.72,False,CE,10-01-2024
19,Magical Ellis,Masculino,966.81,True,PR,10-05-2021
20,Silly Villani,Feminino,168.67,False,MT,01-02-2022
21,Admiring Murdock,Não-binário,590.48,True,CE,27-04-2024
22,Serene Kilby,Não-binário,407.70,True,BA,21-08-2022
23,Serene Rosalind,Feminino,235.80,True,RR,20-04-2021
24,Beautiful Sutherland,Não-binário,218.09,True,RN,12-03-2020
25,Quirky Newton,Masculino,65.15,False,BA,04-01-2023
26,Interesting Mclean,Masculino,573.26,False,PE,23-10-2023
27,Jolly Jemison,Não-binário,2112.27,False,RS,06-09-2024
28,Trusting Haibt,Não-binário,1040.06,True,GO,07-07-2023
29,Fervent Faraday,Feminino,1857.03,True,SP,12-10-2023
30,Keen Varahamihira,Não-binário,1432.07,False,SE,26-10-2022
31,Friendly Kare,Não-binário,927.25,True,SP,07-07-2020
32,Cool Albattani,Feminino,261.28,False,RJ,21-10-2024
33,Hopeful Germain,Não-binário,78.40,False,MS,01-07-2024
34,Hungry Goldstine,Feminino,1483.95,True,PR,14-11-2023
35,Elegant Vaughan,Feminino,254.32,True,AP,27-12-2024
36,Busy Kepler,Feminino,2621.68,True,RN,16-04-2023
37,Objective Diffie,Masculino,917.54,False,MA,14-01-2024
38,Determined Liskov,Masculino,2252.56,True,AL,03-01-2022
39,Frosty Heyrovsky,Não-binário,859.94,True,PE,31-05-2022
40,Affectionate Torvalds,Não-binário,2273.42,False,GO,14-05-2024
41,Wonderful Wilson,Não-binário,596.00,False,MG,09-06-2023
42,Gallant Fermat,Masculino,777.45,True,PA,23-06-2024
43,Heuristic Proskuriakova,Feminino,2477.30,False,SP,22-03-2022
44,Nervous Robinson,Masculino,746.05,True,CE,03-04-2022
45,Jovial Borg,Masculino,173.73,True,SP,11-05-2022
46,Jovial Mayer,Feminino,631.35,True,SE,08-08-2023
47,Busy Snyder,Não-binário,182.98,False,PR,11-01-2021
48,Tender Chandrasekhar,Não-binário,838.24,False,MT,07-08-2020
49,Optimistic Dijkstra,Feminino,574.23,True,TO,04-07-2022
50,Beautiful Ramanujan,Não-binário,2345.67,True,AP,25-05-2020
51,Hungry Dirac,Masculino,930.76,True,AP,20-04-2022
52,Optimistic Aryabhata,Masculino,2888.87,False,BA,27-04-2023
53,Objective Pike,Feminino,246.41,True,RN,23-01-2021
54,Nostalgic Brown,Não-binário,2043.83,True,GO,21-01-2023
55,Ecstatic Dijkstra,Masculino,223.54,False,AP,13-04-2021
56,Infallible Snyder,Masculino,1953.33,False,TO,30-12-2023
57,Focused Lederberg,Não-binário,2328.84,False,RJ,15-03-2020
58,Elated Dubinsky,Não-binário,1562.43,False,SP,28-02-2021
59,Musing Gagarin,Feminino,2713.46,True,PE,03-10-2022
60,Clever Curie,Não-binário,nan,True,AC,31-05-2022
61,Blissful Khayyam,Feminino,787.54,True,RS,27-03-2020
62,Festive Bassi,Não-binário,2452.81,False,MS,26-12-2024
63,Exciting Moser,Feminino,nan,False,PR,02-04-2023
64,Sharp Davinci,Não-binário,1049.05,True,PA,29-07-2023
65,Focused Yalow,Não-binário,1443.00,True,AC,11-12-2023
66,Zen Liskov,Feminino,2409.89,False,PE,25-01-2021
67,Agitated Dijkstra,Masculino,570.85,True,MA,17-05-2022
68,Admiring Stonebraker,Masculino,2871.69,False,RS,27-09-2020
69,Busy Gauss,Não-binário,1481.71,True,MA,06-06-2021
70,Dazzling Rhodes,Masculino,1298.72,True,MS,08-09-2021
71,Condescending Heyrovsky,Masculino,2724.32,True,SE,22-05-2021
72,Priceless Borg,Feminino,535.11,True,TO,30-12-2020
73,Ecstatic Antonelli,Não-binário,477.69,False,PB,15-03-2024
74,Silly Shtern,Masculino,915.88,True,GO,24-11-2023
75,Friendly Leavitt,Masculino,2923.91,True,MT,13-06-2023
76,Affectionate Williamson,Feminino,2213.71,True,MS,13-06-2020
77,Wonderful Chatelet,Não-binário,1398.73,True,MT,02-09-2023
78,Vibrant Montalcini,Não-binário,469.31,True,PR,20-09-2023
79,Bold Heyrovsky,Masculino,1897.74,False,MS,09-12-2022
80,Recursing Ride,Feminino,2970.00,False,TO,23-06-2020
81,Nifty Galileo,Masculino,nan,True,PI,01-11-2020
82,Lucid Mclaren,Não-binário,936.48,True,TO,04-03-2020
83,Vigilant Tesla,Não-binário,601.17,True,RR,02-06-2021
84,Serene Fermi,Não-binário,2059.17,False,SP,26-07-2021
85,Awesome Pare,Feminino,5.85,False,PB,09-09-2020
86,Nostalgic Pascal,Masculino,1196.58,True,RN,19-09-2022
87,Boring Khayyam,Masculino,1690.85,False,PE,04-03-2021
88,Silly Galois,Feminino,972.05,False,RR,24-10-2020
89,Gifted Aryabhata,Não-binário,508.44,True,GO,11-07-2021
90,Quirky Taussig,Feminino,728.92,False,DF,25-07-2023
91,Nifty Driscoll,Masculino,187.68,False,SC,22-03-2022
92,Affectionate Tharp,Feminino,2956.63,False,CE,08-06-2024
93,Cool Lamarr,Masculino,1228.52,False,TO,20-12-2022
94,Vigorous Swartz,Masculino,739.25,True,AC,14-08-2023
95,Quizzical Feynman,Não-binário,2073.97,False,AM,22-03-2020
96,Laughing Mendeleev,Não-binário,569.40,False,AL,04-04-2020
97,Objective Mayer,Masculino,326.40,True,BA,01-04-2024
98,Wizardly Perlman,Não-binário,449.91,True,PI,01-07-2020
99,Dazzling Hoover,Masculino,119.75,True,SC,30-03-2024
100,Objective Shirley,Não-binário,nan,True,PA,23-05-2023
101,Mystifying Ardinghelli,Masculino,37.48,False,TO,14-01-2020
102,Tender Faraday,Masculino,346.42,False,MT,19-05-2023
103,Objective Hofstadter,Masculino,162.26,True,PA,13-04-2021
104,Exciting Diffie,Feminino,569.07,False,SE,15-05-2022
105,Hardcore Fermat,Feminino,81.03,False,SC,19-05-2021
106,Frosty Brahmagupta,Não-binário,884.39,True,PE,10-03-2022
107,Loving Driscoll,Não-binário,725.07,False,RR,16-03-2024
108,Magical Poincare,Masculino,539.26,False,MS,03-03-2021
109,Blissful Hugle,Feminino,2187.49,False,RR,06-07-2024
110,Quirky Buck,Feminino,830.77,False,CE,13-01-2022
111,Serene Clarke,Masculino,133.02,False,AL,29-04-2023
112,Thirsty Raman,Não-binário,942.59,False,BA,02-11-2021
113,Zealous Elion,Feminino,1200.11,True,MT,24-05-2023
114,Silly Hamilton,Não-binário,nan,True,ES,24-02-2023
115,Happy Poincare,Não-binário,1677.79,False,RS,11-07-2022
116,Ecstatic Buck,Masculino,917.47,False,MG,19-11-2023
117,Competent Noyce,Masculino,1636.39,False,RJ,23-11-2023
118,Laughing Neumann,Não-binário,347.27,True,SC,14-03-2022
119,Busy Swirles,Masculino,34.59,True,MA,21-12-2020
120,Hungry Gould,Não-binário,2366.01,False,RJ,06-08-2023
121,Admiring Goldwasser,Masculino,511.25,False,MS,27-09-2024
122,Romantic Neumann,Masculino,2945.47,True,DF,13-04-2020
123,Kind Mirzakhani,Não-binário,2163.79,False,SC,28-06-2022
124,Pensive Dhawan,Não-binário,496.50,True,SE,24-05-2021
125,Elastic Pike,Não-binário,15.82,False,GO,22-02-2021
126,Zealous Wiles,Masculino,836.52,False,PB,09-10-2022
127,Stoic Hugle,Não-binário,2971.47,False,SC,04-11-2024
128,Unruffled Bardeen,Masculino,2541.64,False,PB,04-02-2021
129,Clever Lewin,Não-binário,512.33,False,PA,18-11-2024
130,Quirky Banzai,Feminino,1517.57,True,DF,28-08-2024
131,Intelligent Austin,Masculino,2800.41,False,MA,20-04-2021
132,Frosty Goldstine,Não-binário,984.31,False,RR,15-07-2021
133,Inspiring Thompson,Não-binário,948.81,False,MT,14-06-2021
134,Nifty Dewdney,Feminino,2960.89,True,RS,14-04-2021
135,Ecstatic Torvalds,Masculino,352.16,True,PR,11-06-2024
136,Zen Neumann,Não-binário,7.16,False,MA,26-01-2020
137,Sharp Napier,Não-binário,254.20,True,GO,03-12-2024
138,Nice Blackwell,Não-binário,1588.67,True,PE,23-05-2020
139,Upbeat Curie,Feminino,913.11,True,RJ,18-10-2024
140,Goofy Neumann,Não-binário,389.83,True,BA,20-08-2022
141,Stupefied Booth,Feminino,1064.48,False,CE,17-12-2020
142,Objective Carson,Masculino,222.06,True,AM,03-11-2022
143,Musing Elgamal,Feminino,132.17,False,PE,01-10-2022
144,Nice Curran,Masculino,957.75,True,RR,08-08-2022
145,Focused Wright,Não-binário,904.64,False,TO,15-11-2020
146,Peaceful Leavitt,Masculino,721.91,False,PR,06-03-2023
147,Zen Ishizaka,Feminino,1755.32,False,PI,11-07-2022
148,Modest Sinoussi,Feminino,373.31,False,PB,03-10-2024
149,Intelligent Khayyam,Feminino,330.42,True,AC,19-03-2023
150,Relaxed Robinson,Feminino,988.65,True,GO,22-05-2020
151,Romantic Liskov,Masculino,642.31,False,GO,19-02-2022
152,Heuristic Agnesi,Não-binário,387.63,True,SP,20-04-2021
153,Infallible Mccarthy,Masculino,832.56,False,SE,30-07-2024
154,Happy Meitner,Feminino,778.85,True,AM,31-05-2022
155,Determined Shaw,Feminino,725.30,True,BA,16-02-2022
156,Wizardly Heisenberg,Feminino,2163.85,True,MA,17-05-2020
157,Jovial Chaum,Não-binário,942.00,True,TO,01-07-2020
158,Bold Mahavira,Não-binário,479.00,False,RJ,13-07-2021
159,Beautiful Haslett,Não-binário,199.96,False,SE,19-08-2020
160,Beautiful Jennings,Não-binário,1875.68,True,RO,23-08-2024
161,Admiring Kilby,Masculino,965.71,False,AM,16-10-2023
162,Nifty Sanderson,Não-binário,2982.50,True,PR,08-07-2023
163,Hardcore Booth,Não-binário,481.14,False,GO,30-08-2023
164,Jolly Joliot,Feminino,324.83,False,PI,11-04-2020
165,Nifty Mestorf,Feminino,2302.15,True,AC,19-10-2020
166,Intelligent Hodgkin,Não-binário,53.29,True,ES,17-02-2022
167,Flamboyant Feynman,Não-binário,290.57,True,GO,20-11-2024
168,Nifty Mendeleev,Não-binário,116.80,True,RR,17-06-2022
169,Condescending Shamir,Masculino,2597.21,False,PR,04-12-2020
170,Mystifying Williams,Masculino,2114.07,True,AM,13-04-2020
171,Pedantic Antonelli,Feminino,nan,True,RO,25-11-2021
172,Vibrant Davinci,Não-binário,2364.59,False,RR,17-12-2023
173,Bold Chebyshev,Masculino,708.48,False,MG,20-09-2022
174,Wizardly Mayer,Feminino,1178.58,False,SC,11-02-2023
175,Vibrant Meitner,Feminino,2890.78,False,PB,06-03-2024
176,Stoic Tharp,Feminino,2390.95,False,MG,17-08-2024
177,Zen Mirzakhani,Masculino,68.32,True,AP,02-11-2022
178,Unruffled Yonath,Não-binário,913.46,False,RR,30-04-2021
179,Recursing Newton,Feminino,656.92,False,AP,19-08-2022
180,Objective Knuth,Masculino,220.71,True,MT,27-08-2020
181,Distracted Cerf,Não-binário,366.84,True,CE,11-10-2021
182,Objective Johnson,Masculino,532.25,False,DF,25-09-2023
183,Youthful Cerf,Feminino,2803.42,False,BA,09-04-2024
184,Kind Diffie,Masculino,2379.20,True,DF,24-07-2021
185,Practical Goldberg,Masculino,19.07,False,RS,23-08-2021
186,Serene Taussig,Não-binário,9.89,True,AM,26-03-2023
187,Jolly Dhawan,Masculino,916.52,True,RS,15-01-2024
188,Zen Newton,Masculino,333.07,True,RS,06-12-2021
189,Inspiring Gauss,Não-binário,453.53,True,MA,19-12-2020
190,Competent Joliot,Não-binário,792.84,True,AM,13-10-2024
191,Pensive Almeida,Feminino,467.63,False,DF,11-07-2022
192,Loving Darwin,Masculino,714.99,True,SC,11-06-2020
193,Eloquent Tesla,Não-binário,138.65,True,TO,22-11-2021
194,Recursing Banzai,Não-binário,722.04,True,SE,23-01-2024
195,Happy Pike,Masculino,2504.05,True,PA,25-02-2024
196,Objective Sanderson,Não-binário,446.67,True,AC,28-11-2023
197,Ecstatic Brahmagupta,Não-binário,760.41,False,RO,23-04-2024
198,Keen Bose,Não-binário,873.83,False,PB,22-07-2020
199,Upbeat Shamir,Não-binário,886.13,False,DF,23-06-2022
200,Modest Blackburn,Feminino,2527.37,False,PA,17-09-2023
201,Quizzical Jemison,Masculino,860.04,True,AC,04-05-2022
202,Cranky Bassi,Não-binário,164.83,False,MS,25-01-2020
203,Jolly Babbage,Feminino,322.02,True,GO,17-07-2020
204,Jolly Neumann,Não-binário,1384.01,True,GO,12-03-2023
205,Musing Wescoff,Não-binário,2620.62,True,MA,07-08-2023
206,Trusting Jepsen,Feminino,254.62,False,PI,01-03-2020
207,Frosty Ellis,Não-binário,899.30,True,RS,23-04-2024
208,Great Dewdney,Feminino,685.66,False,RN,19-07-2021
209,Tender Germain,Não-binário,835.38,False,PA,04-12-2020
210,Exciting Ritchie,Feminino,473.79,True,PR,08-02-2021
211,Angry Elgamal,Não-binário,804.19,True,CE,18-11-2024
212,Tender Sinoussi,Masculino,665.37,True,MA,17-09-2022
213,Modest Driscoll,Masculino,435.13,True,BA,18-10-2020
214,Relaxed Lewin,Não-binário,674.18,True,PB,21-11-2024
215,Romantic Hermann,Não-binário,461.46,False,GO,25-11-2023
216,Lucid Lalande,Não-binário,435.49,True,DF,23-05-2021
217,Friendly Noether,Não-binário,1831.58,False,PA,07-12-2021
218,Jolly Pascal,Feminino,267.56,False,MT,13-06-2021
219,Competent Nightingale,Não-binário,852.59,False,RN,30-10-2020
220,Compassionate Swanson,Não-binário,215.18,False,AC,25-03-2021
221,Competent Blackburn,Feminino,224.58,True,SE,17-04-2020
222,Practical Hermann,Masculino,986.45,True,RJ,03-02-2021
223,Wizardly Nash,Não-binário,191.35,True,RJ,06-01-2021
224,Unruffled Shtern,Masculino,50.09,True,RN,20-04-2020
225,Loving Tereshkova,Feminino,934.88,True,BA,26-05-2023
226,Frosty Bouman,Feminino,1291.82,False,RR,09-05-2023
227,Beautiful Brown,Feminino,813.96,True,DF,21-10-2023
228,Hopeful Bose,Masculino,nan,False,AM,21-10-2024
229,Lucid Elion,Masculino,1600.71,True,RJ,29-04-2023
230,Bold Khorana,Não-binário,575.36,True,PE,24-08-2022
231,Clever Swartz,Masculino,737.21,True,RN,25-10-2020
232,Nice Cannon,Masculino,210.68,True,SE,21-12-2024
233,Stupefied Franklin,Feminino,180.60,False,DF,22-06-2024
234,Silly Curran,Não-binário,nan,True,MA,25-03-2021
235,Vibrant Heyrovsky,Feminino,2274.13,True,PI,11-02-2023
236,Pensive Hofstadter,Masculino,2316.59,False,MS,27-05-2023
237,Stupefied Panini,Feminino,2242.01,False,SP,06-06-2024
238,Festive Lederberg,Masculino,14.66,False,AP,30-07-2022
239,Practical Feynman,Não-binário,762.04,True,MG,18-02-2023
240,Elated Chandrasekhar,Feminino,120.33,False,PB,03-11-2023
241,Sweet Lewin,Masculino,nan,False,CE,17-05-2023
242,Nervous Hawking,Não-binário,nan,True,RN,15-05-2024
243,Relaxed Wu,Feminino,724.47,True,AC,07-08-2022
244,Vigorous Zhukovsky,Feminino,554.81,False,PE,11-07-2022
245,Competent Benz,Feminino,206.28,False,SP,24-04-2023
246,Tender Lichterman,Masculino,2760.36,True,RS,26-09-2021
247,Gracious Buck,Masculino,2446.47,True,RJ,07-08-2022
248,Keen Golick,Feminino,639.93,False,RN,12-01-2023
249,Angry Rosalind,Não-binário,217.78,True,RR,05-11-2020
250,Intelligent Hertz,Não-binário,812.29,False,SP,13-06-2024
251,Trusting Northcutt,Masculino,2058.25,True,TO,21-04-2024
252,Reverent Goldwasser,Masculino,964.14,True,CE,03-12-2024
253,Intelligent Hodgkin,Masculino,2285.10,False,TO,29-08-2021
254,Jolly Leakey,Feminino,713.44,True,RO,13-08-2024
255,Hardcore Hoover,Masculino,1699.44,True,AP,26-12-2024
256,Romantic Varahamihira,Não-binário,2441.66,False,MG,27-02-2020
257,Sad Cannon,Feminino,310.67,False,BA,31-03-2023
258,Suspicious Mclaren,Feminino,2093.23,False,PE,10-05-2020
259,Jovial Mcnulty,Feminino,1240.10,False,PR,05-09-2020
260,Sad Hugle,Não-binário,1685.00,True,TO,01-02-2022
261,Sad Wiles,Masculino,1883.04,False,SC,29-10-2021
262,Loving Noether,Não-binário,583.58,False,PR,02-02-2022
263,Sad Johnson,Masculino,429.72,True,ES,29-09-2022
264,Friendly Ramanujan,Masculino,1536.95,False,MG,30-11-2024
265,Wizardly Almeida,Não-binário,1701.71,False,PB,21-03-2020
266,Charming Hypatia,Feminino,2883.98,True,BA,23-06-2022
267,Vigilant Shtern,Masculino,331.20,True,AP,06-04-2023
268,Admiring Visvesvaraya,Não-binário,1119.32,False,RO,09-08-2022
269,Stupefied Panini,Não-binário,2925.10,False,PR,24-03-2022
270,Vibrant Chebyshev,Masculino,2847.36,True,PB,18-06-2021
271,Zen Roentgen,Não-binário,2871.52,False,AL,19-01-2022
272,Pensive Tereshkova,Não-binário,2972.44,False,AM,04-04-2020
273,Intelligent Yalow,Masculino,1425.38,False,AL,08-01-2022
274,Hopeful Bose,Feminino,785.81,True,MA,09-05-2021
275,Wizardly Vaughan,Feminino,2086.90,True,RS,27-05-2021
276,Xenodochial Taussig,Feminino,394.15,True,MA,03-02-2022
277,Jolly Moore,Feminino,993.24,True,PI,23-10-2020
278,Unruffled Solomon,Não-binário,638.65,True,RS,17-09-2020
279,Agitated Spence,Feminino,167.23,True,PB,14-01-2021
280,Happy Tu,Feminino,541.24,True,RO,05-10-2021
281,Nervous Robinson,Não-binário,2118.53,True,MS,13-10-2021
282,Thirsty Moore,Não-binário,2971.21,True,AP,20-05-2024
283,Tender Bouman,Masculino,646.36,False,MA,26-11-2024
284,Jovial Gauss,Feminino,2335.32,True,RO,31-05-2020
285,Xenodochial Fermi,Feminino,2471.84,False,PA,03-04-2022
286,Confident Jang,Feminino,998.76,True,PB,03-10-2020
287,Sleepy Dijkstra,Masculino,152.71,False,RN,21-05-2023
288,Reverent Pasteur,Masculino,699.82,True,PB,27-04-2023
289,Admiring Margulis,Não-binário,2838.02,True,RO,26-04-2021
290,Optimistic Pare,Feminino,1273.28,False,MS,26-01-2024
291,Interesting Almeida,Não-binário,744.64,True,TO,07-10-2023
292,Jovial Beaver,Masculino,1826.48,True,AM,11-04-2020
293,Heuristic Lamport,Feminino,2803.31,True,PB,15-01-2021
294,Beautiful Tesla,Masculino,162.52,True,SC,16-05-2022
295,Elated Booth,Masculino,1208.92,False,BA,31-03-2023
296,Ecstatic Euclid,Não-binário,681.67,False,ES,06-03-2020
297,Clever Cohen,Não-binário,612.01,False,DF,30-09-2020
298,Zen Robinson,Não-binário,165.69,True,AP,06-02-2023
299,Awesome Jones,Não-binário,1469.68,True,RN,05-11-2024
300,Elated Chandrasekhar,Não-binário,612.39,True,RJ,30-07-2020
301,Zen Agnesi,Não-binário,1125.00,False,AM,26-06-2023
302,Competent Rhodes,Não-binário,541.11,True,SP,15-06-2024
303,Thirsty Carver,Masculino,1650.98,True,MA,17-05-2023
304,Heuristic Murdock,Masculino,nan,False,RO,24-12-2021
305,Angry Turing,Masculino,326.76,True,MT,14-09-2024
306,Reverent Jackson,Não-binário,nan,True,PE,20-10-2022
307,Sleepy Edison,Feminino,294.96,False,DF,11-09-2023
308,Angry Clarke,Não-binário,891.14,False,MA,14-01-2024
309,Gifted Joliot,Masculino,295.80,True,AL,30-04-2022
310,Nervous Mirzakhani,Feminino,2709.81,True,RJ,11-12-2024
311,Objective Dewdney,Não-binário,990.79,False,PR,15-01-2021
312,Amazing Lalande,Feminino,876.69,True,PA,01-11-2021
313,Modest Tu,Masculino,nan,True,SP,17-10-2021
314,Focused Sammet,Não-binário,769.63,False,PI,13-05-2023
315,Unruffled Curran,Feminino,1847.57,False,MS,12-02-2023
316,Hardcore Jackson,Feminino,351.23,True,RO,21-03-2024
317,Ecstatic Lewin,Feminino,299.89,True,MT,27-04-2020
318,Friendly Jones,Masculino,613.26,False,RR,21-02-2022
319,Stoic Yonath,Feminino,417.96,False,MS,29-06-2023
320,Vigilant Dewdney,Masculino,137.84,False,SE,27-06-2023
321,Epic Germain,Feminino,455.61,False,RR,09-10-2022
322,Relaxed Kowalevski,Feminino,854.17,False,AP,07-09-2023
323,Beautiful Jepsen,Feminino,340.30,True,ES,03-06-2023
324,Zen Babbage,Não-binário,981.40,False,GO,02-05-2022
325,Musing Chaplygin,Masculino,236.57,False,PE,14-02-2023
326,Zen Feistel,Feminino,nan,False,SE,05-02-2020
327,Jovial Pascal,Masculino,782.54,True,SP,15-01-2021
328,Jolly Goldberg,Não-binário,492.95,False,MG,10-10-2023
329,Upbeat Kepler,Não-binário,nan,True,MA,29-07-2022
330,Keen Kepler,Masculino,1227.11,False,SP,31-01-2023
331,Thirsty Cannon,Masculino,141.21,True,ES,31-12-2021
332,Musing Swanson,Feminino,2230.97,False,RO,14-09-2020
333,Boring Lichterman,Não-binário,690.54,True,AL,12-03-2024
334,Elated Wing,Masculino,2482.44,False,PR,14-06-2020
335,Musing Shannon,Masculino,146.34,True,BA,30-07-2020
336,Nervous Beaver,Masculino,828.66,True,PA,08-04-2022
337,Happy Allen,Não-binário,972.58,False,SC,10-01-2020
338,Loving Agnesi,Masculino,2340.53,False,RJ,16-09-2021
339,Festive Williamson,Masculino,628.62,True,RS,21-08-2021
340,Compassionate Shannon,Masculino,1515.68,False,PR,03-02-2020
341,Brave Gates,Não-binário,727.57,False,RO,01-02-2020
342,Infallible Jemison,Masculino,374.49,True,MG,02-07-2023
343,Vigorous Gagarin,Não-binário,28.54,False,MT,24-10-2024
344,Nice Engelbart,Feminino,49.97,False,MT,23-01-2024
345,Elastic Wiles,Masculino,371.95,True,ES,24-08-2021
346,Festive Goldwasser,Masculino,nan,False,SE,26-02-2023
347,Sad Noyce,Masculino,2535.35,False,PE,07-12-2024
348,Infallible Benz,Masculino,638.67,False,RJ,11-02-2021
349,Blissful Cori,Não-binário,76.45,True,RS,22-06-2021
350,Eloquent Euclid,Feminino,902.39,True,RJ,01-05-2021
351,Modest Wu,Masculino,1788.13,False,AL,26-05-2024
352,Busy Allen,Feminino,2263.52,True,TO,04-09-2024
353,Sweet Wescoff,Não-binário,135.90,False,RS,11-04-2023
354,Keen Wescoff,Masculino,nan,True,AM,16-02-2020
355,Eager Kowalevski,Masculino,728.08,False,BA,13-04-2020
356,Practical Haslett,Não-binário,1258.74,False,SC,18-12-2023
357,Sharp Turing,Feminino,972.05,True,AL,30-07-2024
358,Admiring Kalam,Feminino,646.30,True,CE,18-01-2021
359,Epic Pasteur,Masculino,213.74,True,DF,30-12-2020
360,Elegant Shtern,Não-binário,19.79,False,PR,23-11-2022
361,Sleepy Villani,Não-binário,763.57,False,MT,25-11-2022
362,Beautiful Meitner,Masculino,2944.91,False,PI,18-10-2024
363,Sweet Sanderson,Masculino,555.51,False,MA,06-08-2022
364,Happy Swirles,Não-binário,416.20,True,RO,17-08-2024
365,Crazy Herschel,Feminino,2238.46,False,GO,09-12-2021
366,Modest Napier,Feminino,94.61,False,AP,27-08-2021
367,Optimistic Goldstine,Masculino,417.37,False,MG,15-12-2021
368,Exciting Panini,Feminino,254.86,True,CE,08-07-2020
369,Friendly Gagarin,Não-binário,832.21,False,RJ,17-01-2020
370,Hardcore Hertz,Masculino,362.77,False,CE,29-01-2024
371,Jovial Hawking,Feminino,571.58,True,TO,26-11-2020
372,Friendly Keller,Feminino,241.22,True,RR,30-10-2020
373,Hopeful Shirley,Masculino,2480.56,True,TO,17-11-2024
374,Lucid Spence,Masculino,1103.39,True,AP,31-01-2020
375,Inspiring Heisenberg,Não-binário,645.82,True,GO,14-10-2020
376,Amazing Proskuriakova,Feminino,55.01,True,PB,26-12-2022
377,Adoring Austin,Não-binário,1935.11,False,MT,31-05-2020
378,Clever Blackburn,Feminino,486.09,False,BA,20-12-2020
379,Friendly Feistel,Feminino,2927.86,True,AM,04-02-2024
380,Ecstatic Vaughan,Masculino,145.54,False,RS,15-10-2022
381,Wizardly Heisenberg,Não-binário,610.78,False,AP,11-11-2024
382,Nervous Euclid,Masculino,nan,True,RN,10-07-2021
383,Recursing Dijkstra,Feminino,1051.06,False,DF,16-02-2020
384,Reverent Napier,Não-binário,869.92,False,PB,07-05-2023
385,Happy Poincare,Masculino,524.50,True,AM,25-12-2021
386,Sad Turing,Masculino,796.12,False,DF,06-11-2022
387,Awesome Cohen,Masculino,1251.58,True,RN,30-01-2023
388,Brave Feistel,Não-binário,1846.31,False,AC,02-03-2022
389,Brave Fermat,Feminino,609.53,False,PR,08-04-2020
390,Trusting Kapitsa,Não-binário,226.48,True,MS,18-09-2020
391,Great Williamson,Feminino,756.87,True,GO,08-12-2022
392,Inspiring Cohen,Não-binário,313.40,False,PR,01-01-2023
393,Beautiful Wiles,Feminino,1100.74,True,AP,10-05-2022
394,Awesome Blackwell,Masculino,1047.66,True,RO,29-12-2024
395,Infallible Ishizaka,Masculino,740.08,False,SP,24-01-2022
396,Quizzical Sinoussi,Masculino,1172.70,True,PR,22-03-2023
397,Great Elion,Não-binário,142.17,False,SC,04-05-2023
398,Practical Villani,Masculino,nan,False,PB,20-05-2022
399,Dreamy Shannon,Masculino,2834.68,False,AM,28-09-2021
400,Ecstatic Mirzakhani,Masculino,795.76,True,MS,29-03-2024
401,Recursing Wescoff,Não-binário,1851.60,True,RN,20-01-2022
402,Wonderful Varahamihira,Masculino,141.34,True,RN,14-08-2021
403,Hungry Galileo,Feminino,112.30,True,PI,14-01-2024
404,Wizardly Visvesvaraya,Masculino,0.01,False,PR,30-07-2024
405,Trusting Maxwell,Masculino,96.08,False,PB,13-06-2021
406,Competent Albattani,Não-binário,823.74,True,AL,17-02-2023
407,Musing Stonebraker,Feminino,1883.22,True,RJ,16-08-2022
408,Frosty Wiles,Feminino,nan,False,AM,08-07-2023
409,Keen Wing,Masculino,243.55,False,RN,28-11-2024
410,Jovial Williams,Feminino,1053.47,True,AM,25-12-2020
411,Xenodochial Kowalevski,Feminino,960.04,False,MS,26-02-2020
412,Naughty Diffie,Não-binário,298.87,True,PE,17-11-2024
413,Fervent Heisenberg,Masculino,733.36,False,PR,19-10-2022
414,Stupefied Jepsen,Feminino,2340.61,False,MG,29-08-2021
415,Admiring Tu,Feminino,532.61,False,PR,30-03-2022
416,Wizardly Saha,Masculino,355.54,False,RN,16-01-2024
417,Busy Moore,Masculino,1581.62,False,SP,02-06-2024
418,Inspiring Gauss,Masculino,nan,True,AP,02-08-2022
419,Trusting Mendel,Feminino,2975.24,False,PE,29-07-2024
420,Musing Cerf,Feminino,202.65,True,RJ,13-03-2023
421,Eager Hermann,Não-binário,115.84,True,PB,05-04-2024
422,Nervous Albattani,Não-binário,794.80,True,RJ,02-09-2024
423,Friendly Elgamal,Feminino,1716.43,False,PE,14-12-2021
424,Determined Bassi,Masculino,1616.03,False,DF,18-10-2020
425,Musing Clarke,Não-binário,530.56,True,RO,03-08-2020
426,Strange Lamport,Não-binário,630.03,False,BA,23-02-2021
427,Ecstatic Austin,Masculino,747.24,True,RR,06-05-2020
428,Gifted Kepler,Não-binário,278.96,True,AM,24-02-2024
429,Optimistic Sutherland,Masculino,103.46,True,RO,04-07-2021
430,Eloquent Mendeleev,Masculino,219.28,False,RN,02-02-2021
431,Wonderful Wozniak,Não-binário,2930.90,False,SE,04-11-2022
432,Modest Mirzakhani,Masculino,702.60,True,CE,08-11-2022
433,Fervent Hofstadter,Feminino,150.63,False,AM,26-06-2020
434,Zen Keldysh,Feminino,2539.67,True,AM,01-12-2021
435,Thirsty Rubin,Não-binário,1843.88,True,AM,21-06-2020
436,Magical Buck,Feminino,688.71,False,AC,14-02-2023
437,Pensive Taussig,Não-binário,27.19,True,AL,04-08-2023
438,Ecstatic Cohen,Masculino,461.92,True,MA,03-08-2023
439,Beautiful Ishizaka,Não-binário,2890.38,False,PB,10-10-2020
440,Hardcore Hawking,Não-binário,640.05,True,PE,16-12-2020
441,Romantic Tesla,Não-binário,840.66,True,ES,16-05-2022
442,Vigilant Leakey,Não-binário,2190.30,False,GO,10-11-2024
443,Relaxed Hoover,Não-binário,1808.40,False,MA,29-08-2021
444,Adoring Napier,Não-binário,631.73,True,PB,23-07-2023
445,Gallant Chatterjee,Feminino,158.01,True,PB,31-05-2022
446,Jolly Wright,Masculino,2652.56,False,PE,06-05-2022
447,Nostalgic Johnson,Não-binário,386.45,True,MA,10-06-2020
448,Admiring Sinoussi,Feminino,197.81,False,MT,18-09-2023
449,Beautiful Elgamal,Feminino,499.38,False,DF,09-07-2024
450,Stupefied Benz,Masculino,1237.54,False,MG,12-11-2024
451,Blissful Nobel,Não-binário,570.24,False,RR,17-07-2020
452,Awesome Wilbur,Feminino,719.56,True,PE,11-06-2020
453,Relaxed Hawking,Não-binário,2822.43,False,AM,26-11-2022
454,Naughty Chandrasekhar,Masculino,261.13,True,PI,21-10-2021
455,Friendly Varahamihira,Não-binário,995.57,False,SP,22-08-2024
456,Recursing Ganguly,Não-binário,400.39,True,RR,28-12-2024
457,Unruffled Kapitsa,Não-binário,881.75,True,RN,16-12-2024
458,Vibrant Euclid,Não-binário,108.37,True,AM,30-12-2023
459,Naughty Nash,Não-binário,1677.63,False,RS,21-10-2023
460,Musing Feistel,Masculino,269.87,True,RJ,28-05-2020
461,Zen Dirac,Não-binário,429.30,True,SP,27-08-2022
462,Silly Panini,Não-binário,519.53,False,DF,31-03-2024
463,Fervent Cerf,Feminino,1702.57,True,RS,03-01-2020
464,Vigilant Panini,Feminino,937.60,False,PB,31-03-2024
465,Inspiring Hodgkin,Feminino,22.08,True,SC,21-12-2020
466,Great Ganguly,Feminino,375.44,True,TO,09-04-2021
467,Modest Heisenberg,Não-binário,242.76,False,SP,07-03-2020
468,Stupefied Haibt,Não-binário,160.84,True,SP,07-12-2021
469,Cool Heyrovsky,Masculino,474.23,True,PA,02-12-2022
470,Busy Napier,Feminino,576.73,False,RN,30-06-2024
471,Competent Bohr,Masculino,nan,True,AP,23-12-2022
472,Sad Chebyshev,Não-binário,1209.54,True,RR,19-12-2021
473,Optimistic Shaw,Feminino,2012.98,True,AC,26-01-2020
474,Blissful Shamir,Feminino,477.06,False,BA,26-04-2020
475,Interesting Jennings,Masculino,578.39,False,PE,31-03-2024
476,Wonderful Villani,Feminino,1431.90,True,ES,10-12-2024
477,Loving Satoshi,Masculino,nan,True,SE,07-03-2024
478,Trusting Lamarr,Masculino,2322.76,True,TO,29-07-2020
479,Priceless Solomon,Masculino,339.43,False,SE,13-04-2021
480,Interesting Mestorf,Não-binário,670.65,False,RO,21-04-2023
481,Optimistic Torvalds,Masculino,45.97,True,TO,25-04-2024
482,Dreamy Roentgen,Feminino,2968.62,False,BA,28-06-2024
483,Inspiring Payne,Masculino,549.52,False,MG,23-07-2021
484,Vigorous Dijkstra,Feminino,156.41,True,PB,23-02-2022
485,Angry Taussig,Feminino,152.61,False,RJ,05-01-2024
486,Recursing Mendel,Não-binário,736.48,False,RR,03-01-2021
487,Bold Carver,Não-binário,694.35,True,PB,23-05-2021
488,Sweet Diffie,Masculino,117.90,True,PB,21-12-2024
489,Pedantic Brahmagupta,Não-binário,406.14,False,SC,10-03-2021
490,Loving Shtern,Feminino,847.43,False,MG,04-12-2021
491,Ecstatic Lehmann,Feminino,75.50,False,RN,14-11-2024
492,Clever Wu,Masculino,685.87,True,RJ,15-08-2020
493,Hardcore Goldstine,Masculino,1188.80,True,PI,28-09-2023
494,Beautiful Volhard,Feminino,223.70,True,AC,22-02-2020
495,Romantic Ritchie,Masculino,422.49,False,MS,12-03-2023
496,Dreamy Vaughan,Masculino,132.29,False,AM,29-12-2022
497,Nice Noyce,Masculino,1931.78,True,ES,03-02-2023
498,Naughty Kalam,Masculino,2126.72,True,CE,28-11-2023
499,Elegant Lichterman,Masculino,1726.81,True,RR,05-09-2022
500,Gracious Spence,Masculino,259.51,False,PR,13-02-2021
501,Upbeat Robinson,Masculino,1715.38,True,AM,18-07-2020
502,Competent Montalcini,Não-binário,466.27,True,MA,03-04-2022
503,Musing Wozniak,Feminino,722.05,False,RN,22-07-2021
504,Condescending Pascal,Feminino,nan,True,AL,20-11-2024
505,Jolly Williams,Não-binário,2938.92,False,AP,11-07-2020
506,Practical Villani,Masculino,654.07,True,SP,28-04-2021
507,Angry Wescoff,Feminino,455.99,False,ES,05-07-2024
508,Awesome Chebyshev,Não-binário,1859.60,False,RS,14-11-2023
509,Quirky Brown,Não-binário,856.29,False,DF,30-10-2023
510,Admiring Herschel,Masculino,592.01,False,RN,01-06-2021
511,Clever Dhawan,Feminino,1779.50,True,TO,04-05-2020
512,Flamboyant Mclaren,Feminino,2224.44,True,PI,11-09-2020
513,Beautiful Black,Feminino,784.60,False,RJ,27-04-2021
514,Distracted Lovelace,Não-binário,1873.01,False,RR,27-11-2020
515,Thirsty Bohr,Não-binário,906.91,False,GO,06-01-2020
516,Romantic Carver,Não-binário,801.16,False,MG,02-12-2023
517,Wizardly Lamport,Feminino,1704.28,False,MS,08-07-2021
518,Objective Lamarr,Masculino,2787.51,True,MA,23-11-2023
519,Happy Satoshi,Não-binário,758.85,False,MG,02-06-2022
520,Inspiring Mclaren,Feminino,138.86,True,SP,29-11-2023
521,Musing Goldstine,Feminino,458.18,False,ES,31-03-2023
522,Ecstatic Beaver,Masculino,515.68,False,SE,24-08-2023
523,Brave Newton,Feminino,304.28,True,CE,16-10-2022
524,Festive Hermann,Feminino,598.07,True,PR,12-12-2021
525,Nervous Nash,Masculino,356.68,False,SP,04-07-2024
526,Kind Pasteur,Masculino,1960.90,False,MA,02-09-2024
527,Peaceful Jackson,Masculino,763.52,True,MA,07-09-2020
528,Clever Burnell,Masculino,356.81,True,MT,12-05-2022
529,Affectionate Ellis,Masculino,627.01,False,TO,20-03-2021
530,Awesome Davinci,Masculino,82.52,True,DF,05-04-2024
531,Practical Dewdney,Feminino,394.48,False,RS,27-12-2021
532,Optimistic Feistel,Não-binário,432.38,True,PB,17-11-2023
533,Focused Hertz,Masculino,2152.57,True,AC,13-10-2023
534,Ecstatic Snyder,Masculino,827.08,True,PI,29-09-2020
535,Admiring Visvesvaraya,Masculino,1345.48,True,PR,25-04-2022
536,Eloquent Hopper,Masculino,30.30,False,MG,20-09-2023
537,Relaxed Wiles,Masculino,608.85,False,PR,17-01-2021
538,Gifted Thompson,Feminino,1119.63,True,PE,29-10-2020
539,Quizzical Rosalind,Não-binário,240.15,True,MG,01-10-2020
540,Thirsty Chaum,Feminino,934.88,False,SP,09-07-2024
541,Interesting Tereshkova,Feminino,2585.35,False,SP,16-11-2024
542,Suspicious Kalam,Feminino,522.49,False,MG,16-06-2023
543,Kind Mirzakhani,Feminino,921.96,True,RN,26-11-2024
544,Gallant Albattani,Não-binário,398.83,True,RJ,21-06-2023
545,Sharp Wilbur,Feminino,805.03,True,MT,02-02-2023
546,Epic Shannon,Não-binário,764.46,False,MT,03-07-2024
547,Fervent Hoover,Feminino,487.35,False,SP,17-03-2021
548,Strange Brown,Feminino,731.19,False,CE,31-01-2020
549,Friendly Thompson,Não-binário,2631.81,True,PB,22-12-2021
550,Dreamy Kepler,Feminino,330.54,True,SC,10-10-2020
551,Vibrant Khayyam,Masculino,460.88,False,GO,12-10-2023
552,Frosty Blackwell,Feminino,21.64,True,MS,15-07-2023
553,Amazing Shtern,Feminino,702.64,False,MA,19-11-2020
554,Magical Babbage,Não-binário,1181.17,False,PB,10-04-2020
555,Adoring Roentgen,Masculino,508.42,False,CE,11-10-2024
556,Gifted Montalcini,Feminino,1056.95,False,MT,23-06-2020
557,Laughing Goldstine,Não-binário,674.82,True,MS,09-01-2021
558,Confident Blackwell,Masculino,nan,True,MS,26-11-2024
559,Competent Proskuriakova,Feminino,776.68,True,PR,24-06-2024
560,Exciting Germain,Feminino,2990.80,True,MS,23-08-2021
561,Distracted Matsumoto,Masculino,1752.84,False,SE,30-04-2020
562,Nervous Burnell,Masculino,1066.73,True,PA,26-11-2023
563,Jolly Kowalevski,Masculino,612.91,False,MS,18-04-2021
564,Infallible Diffie,Não-binário,592.55,True,AM,08-02-2023
565,Sharp Ganguly,Masculino,1666.03,True,MA,22-11-2020
566,Romantic Bassi,Feminino,nan,True,BA,19-09-2023
567,Recursing Mestorf,Feminino,1641.64,True,RN,13-04-2021
568,Busy Villani,Não-binário,1904.99,True,PI,24-12-2021
569,Fervent Poincare,Não-binário,2453.80,False,PR,26-06-2024
570,Condescending Meninsky,Não-binário,689.02,False,AC,03-07-2021
571,Gifted Volhard,Masculino,nan,False,BA,24-07-2023
572,Adoring Johnson,Não-binário,928.87,False,PR,21-05-2022
573,Relaxed Poitras,Masculino,356.83,False,SP,03-04-2024
574,Dreamy Swartz,Feminino,nan,False,PB,29-05-2022
575,Hardcore Heyrovsky,Feminino,2213.67,True,RJ,06-01-2021
576,Mystifying Moser,Não-binário,2957.73,True,DF,25-06-2022
577,Inspiring Fermi,Não-binário,1828.82,False,DF,13-04-2023
578,Inspiring Jennings,Masculino,816.74,False,MT,29-02-2020
579,Goofy Leakey,Masculino,366.69,True,MT,22-08-2020
580,Stupefied Bose,Masculino,316.11,False,PB,09-10-2021
581,Strange Poincare,Masculino,762.49,False,RR,01-07-2021
582,Cranky Heisenberg,Não-binário,2282.91,False,BA,01-10-2020
583,Awesome Cohen,Masculino,764.36,True,PA,16-03-2023
584,Sleepy Hypatia,Não-binário,2710.47,True,AL,26-10-2023
585,Relaxed Benz,Feminino,952.40,True,RN,13-06-2023
586,Compassionate Pike,Masculino,490.34,True,RO,06-11-2024
587,Zealous Swirles,Não-binário,814.42,True,AP,06-07-2024
588,Infallible Albattani,Feminino,2549.99,True,PE,28-11-2020
589,Awesome Mayer,Masculino,533.54,False,AL,02-03-2024
590,Peaceful Austin,Feminino,758.51,True,TO,16-05-2024
591,Heuristic Hertz,Não-binário,1255.52,True,RN,29-12-2023
592,Adoring Villani,Masculino,642.58,True,TO,29-04-2024
593,Beautiful Khorana,Masculino,731.06,True,PA,05-10-2021
594,Gallant Kirch,Feminino,nan,True,PR,29-12-2021
595,Brave Lichterman,Masculino,2263.78,False,MT,29-06-2020
596,Reverent Raman,Feminino,nan,True,RO,27-07-2022
597,Hungry Ellis,Não-binário,486.89,False,ES,12-12-2023
598,Nifty Shaw,Feminino,82.33,False,RJ,07-10-2023
599,Dreamy Mendel,Feminino,337.41,False,RS,20-05-2021
600,Keen Gould,Não-binário,116.40,False,MG,09-02-2024
601,Busy Pascal,Feminino,1498.99,False,AM,25-07-2024
602,Gracious Napier,Masculino,131.07,True,SE,17-12-2021
603,Confident Meninsky,Feminino,1041.19,True,PR,13-01-2024
604,Trusting Dewdney,Não-binário,964.23,False,MT,01-12-2024
605,Bold Hamilton,Não-binário,702.62,False,AC,08-03-2022
606,Amazing Meitner,Não-binário,1440.43,True,AC,19-09-2024
607,Zen Solomon,Masculino,939.40,True,AP,16-10-2024
608,Distracted Jepsen,Masculino,647.09,True,MS,06-07-2023
609,Great Williamson,Masculino,1446.14,False,MT,17-04-2020
610,Lucid Fermi,Não-binário,908.98,False,RN,25-04-2020
611,Quizzical Tesla,Masculino,23.74,True,MA,05-01-2020
612,Quirky Panini,Masculino,612.32,True,PA,21-09-2020
613,Nervous Fermat,Não-binário,354.32,True,PA,24-10-2023
614,Infallible Rosalind,Não-binário,715.29,True,GO,09-01-2021
615,Awesome Cray,Feminino,135.42,True,GO,03-11-2021
616,Elated Shirley,Masculino,2596.15,False,TO,23-12-2023
617,Infallible Mendeleev,Não-binário,409.99,False,SE,12-06-2021
618,Suspicious Kowalevski,Não-binário,846.76,True,PA,13-11-2024
619,Adoring Babbage,Não-binário,195.50,False,SE,21-04-2023
620,Cranky Lamport,Não-binário,1539.89,True,PB,19-02-2020
621,Gallant Noyce,Feminino,350.08,False,RN,13-07-2024
622,Inspiring Sammet,Não-binário,733.50,True,TO,09-03-2024
623,Epic Heisenberg,Masculino,0.45,False,SE,11-12-2024
624,Upbeat Ellis,Feminino,418.76,False,CE,28-12-2024
625,Modest Newton,Feminino,570.16,False,PE,12-09-2023
626,Suspicious Pike,Não-binário,148.61,False,RJ,11-04-2020
627,Sleepy Spence,Masculino,2705.12,True,MS,05-10-2021
628,Zen Morse,Feminino,nan,True,MS,13-09-2022
629,Goofy Solomon,Não-binário,337.15,False,SC,15-08-2022
630,Great Banzai,Feminino,273.38,True,SP,18-12-2021
631,Elegant Liskov,Masculino,415.28,True,BA,26-10-2022
632,Modest Davinci,Não-binário,1225.12,True,RN,17-11-2023
633,Flamboyant Torvalds,Masculino,635.83,True,RN,21-03-2023
634,Sharp Torvalds,Não-binário,984.09,True,AL,19-09-2022
635,Charming Kepler,Feminino,552.69,True,PE,30-11-2024
636,Hardcore Dhawan,Masculino,609.60,False,MA,28-03-2021
637,Stupefied Swartz,Feminino,881.02,True,GO,01-06-2022
638,Wizardly Robinson,Não-binário,947.00,True,PI,18-12-2020
639,Funny Bardeen,Masculino,586.05,False,PA,27-07-2021
640,Sleepy Northcutt,Feminino,2602.63,False,AP,29-01-2022
641,Zealous Easley,Feminino,2961.91,True,GO,25-01-2023
642,Friendly Noyce,Feminino,43.72,False,PB,10-01-2023
643,Zealous Banzai,Não-binário,813.02,True,AL,22-10-2021
644,Serene Keller,Não-binário,85.11,True,AC,13-02-2022
645,Intelligent Sinoussi,Não-binário,920.52,False,AM,05-09-2024
646,Xenodochial Carson,Feminino,nan,False,AM,22-03-2021
647,Distracted Torvalds,Masculino,440.79,True,SE,16-02-2024
648,Optimistic Newton,Não-binário,670.03,False,DF,17-11-2020
649,Eager Williams,Não-binário,1989.94,True,PR,14-01-2023
650,Flamboyant Hypatia,Não-binário,262.03,False,RR,12-02-2023
651,Silly Herschel,Masculino,658.32,False,MA,25-11-2021
652,Nice Morse,Masculino,11.97,True,CE,09-02-2024
653,Sad Allen,Masculino,977.05,False,MS,13-01-2021
654,Beautiful Almeida,Feminino,677.52,True,TO,03-06-2023
655,Kind Mcclintock,Não-binário,1074.29,False,CE,10-10-2022
656,Sad Mcnulty,Masculino,2615.99,False,PA,31-10-2021
657,Kind Varahamihira,Masculino,79.84,True,AP,16-12-2020
658,Epic Gagarin,Masculino,924.98,False,PE,09-01-2022
659,Mystifying Vaughan,Masculino,27.02,True,PB,22-11-2020
660,Hopeful Hugle,Masculino,312.03,False,MT,15-05-2023
661,Strange Dewdney,Masculino,908.84,True,ES,05-02-2021
662,Festive Wing,Não-binário,1621.16,False,MG,08-03-2024
663,Serene Cerf,Feminino,823.82,False,PI,21-02-2023
664,Nifty Ardinghelli,Feminino,575.45,True,PR,22-10-2022
665,Loving Mestorf,Feminino,796.37,False,RS,10-12-2022
666,Unruffled Kare,Feminino,1558.32,True,MG,28-12-2024
667,Friendly Heisenberg,Masculino,291.84,False,RS,09-08-2023
668,Interesting Northcutt,Feminino,512.82,False,BA,09-08-2023
669,Vibrant Tesla,Feminino,229.65,True,CE,12-09-2024
670,Cranky Meitner,Não-binário,629.64,False,SE,11-11-2024
671,Loving Kapitsa,Masculino,2711.02,False,SP,25-01-2022
672,Tender Beaver,Feminino,1729.10,False,ES,03-04-2021
673,Sharp Mclean,Não-binário,1113.43,False,CE,12-09-2021
674,Infallible Bhaskara,Não-binário,931.72,False,SP,27-02-2021
675,Affectionate Snyder,Masculino,843.65,True,SC,27-08-2020
676,Zen Meninsky,Feminino,1192.45,False,SE,16-09-2021
677,Unruffled Saha,Não-binário,159.06,True,MS,20-10-2020
678,Interesting Mclean,Feminino,nan,True,PR,23-04-2022
679,Sharp Shannon,Masculino,923.77,False,AP,03-01-2021
680,Sharp Brown,Feminino,683.27,True,AL,29-04-2023
681,Unruffled Aryabhata,Não-binário,285.26,True,RR,16-08-2020
682,Hopeful Dhawan,Masculino,892.48,True,RS,29-12-2022
683,Gracious Faraday,Não-binário,906.97,False,SE,22-04-2022
684,Tender Kilby,Masculino,457.53,False,BA,03-04-2021
685,Nifty Joliot,Masculino,122.92,False,RS,07-01-2023
686,Nice Hypatia,Feminino,2945.13,True,TO,10-10-2024
687,Gallant Bardeen,Não-binário,750.89,False,PE,30-10-2024
688,Sad Pike,Feminino,2026.38,True,CE,15-10-2024
689,Lucid Hermann,Não-binário,700.16,False,SE,26-04-2021
690,Beautiful Goldstine,Não-binário,nan,True,MA,14-06-2020
691,Nice Bell,Masculino,2748.00,False,SP,09-09-2023
692,Jovial Driscoll,Masculino,178.23,True,RJ,23-09-2021
693,Brave Ride,Feminino,1830.44,True,SC,09-12-2024
694,Laughing Snyder,Feminino,6.11,False,DF,07-10-2024
695,Competent Haslett,Não-binário,521.33,False,SC,29-01-2024
696,Brave Rosalind,Masculino,2434.90,False,RS,24-12-2020
697,Fervent Dijkstra,Feminino,205.89,False,TO,30-08-2023
698,Goofy Mendeleev,Não-binário,1872.17,False,RO,12-01-2024
699,Festive Williamson,Feminino,1978.55,True,AL,02-10-2022
700,Upbeat Ellis,Masculino,758.59,True,ES,07-06-2022
701,Priceless Mendel,Não-binário,893.94,False,AP,08-11-2020
702,Frosty Murdock,Masculino,632.32,False,TO,05-11-2024
703,Lucid Pasteur,Masculino,653.86,True,SP,03-05-2020
704,Reverent Shannon,Masculino,1858.41,False,SC,03-09-2022
705,Funny Euler,Masculino,1329.31,False,SC,18-07-2023
706,Elastic Tesla,Masculino,1666.33,True,PB,20-10-2021
707,Xenodochial Dhawan,Masculino,2013.94,True,RJ,15-06-2022
708,Vigorous Perlman,Não-binário,851.43,True,PI,21-08-2024
709,Funny Montalcini,Masculino,912.58,False,PA,18-08-2020
710,Dreamy Austin,Feminino,2692.83,True,AC,05-10-2023
711,Xenodochial Nightingale,Não-binário,705.39,True,RR,25-11-2021
712,Sharp Elbakyan,Feminino,654.44,True,TO,16-08-2023
713,Admiring Chaum,Feminino,49.75,False,PR,07-06-2024
714,Objective Herschel,Masculino,1063.13,True,ES,29-01-2024
715,Strange Bardeen,Feminino,285.59,True,MS,06-02-2021
716,Laughing Kilby,Feminino,305.93,False,SE,21-01-2021
717,Practical Elbakyan,Não-binário,1491.08,True,AC,16-05-2020
718,Pensive Dijkstra,Não-binário,127.04,False,SP,17-12-2020
719,Recursing Matsumoto,Feminino,2638.64,False,RN,01-06-2022
720,Quizzical Wing,Não-binário,147.15,True,RS,02-03-2020
721,Stupefied Thompson,Masculino,508.49,True,PR,17-11-2021
722,Priceless Jones,Masculino,416.80,True,PB,16-08-2024
723,Stoic Raman,Feminino,948.08,True,PA,31-03-2020
724,Stoic Kapitsa,Feminino,2811.90,False,RO,04-01-2020
725,Zen Chatelet,Feminino,351.05,False,MA,19-02-2024
726,Relaxed Proskuriakova,Não-binário,620.19,True,GO,17-05-2023
727,Laughing Turing,Feminino,1043.88,False,AP,05-07-2021
728,Festive Shockley,Feminino,1405.05,True,PB,23-12-2023
729,Optimistic Clarke,Não-binário,856.67,False,AM,04-04-2022
730,Keen Germain,Masculino,499.45,False,AL,20-11-2022
731,Elated Feynman,Feminino,953.64,True,SP,16-04-2023
732,Pedantic Yalow,Feminino,283.01,False,PA,03-06-2021
733,Thirsty Cerf,Feminino,940.07,False,ES,23-06-2020
734,Busy Mirzakhani,Masculino,659.53,True,SP,16-07-2020
735,Friendly Bouman,Masculino,713.43,False,SP,15-01-2024
736,Sad Kepler,Feminino,1313.10,True,GO,14-01-2024
737,Trusting Golick,Masculino,840.65,True,BA,15-03-2023
738,Determined Solomon,Masculino,609.06,False,RN,16-07-2022
739,Agitated Meitner,Masculino,2234.63,False,MS,27-11-2020
740,Thirsty Mccarthy,Masculino,2.57,True,MA,04-05-2023
741,Determined Rosalind,Masculino,670.77,False,PE,25-12-2020
742,Vibrant Feistel,Feminino,447.49,True,MG,19-08-2023
743,Interesting Boyd,Feminino,34.79,False,MG,19-04-2020
744,Tender Wing,Masculino,2615.70,True,BA,15-04-2021
745,Gallant Cannon,Não-binário,234.26,False,SE,21-10-2020
746,Inspiring Fermat,Não-binário,887.22,False,MA,02-07-2024
747,Silly Hawking,Feminino,749.02,True,RS,15-09-2023
748,Competent Thompson,Não-binário,53.71,True,PI,08-09-2022
749,Peaceful Bhaskara,Não-binário,886.05,False,SP,17-06-2021
750,Gallant Kapitsa,Masculino,280.33,True,DF,01-01-2023
751,Hungry Knuth,Não-binário,nan,False,MS,03-03-2023
752,Frosty Wu,Masculino,157.67,True,MS,16-01-2022
753,Relaxed Moore,Masculino,559.53,False,DF,24-01-2022
754,Priceless Rubin,Feminino,794.15,True,MA,12-06-2023
755,Fervent Lederberg,Não-binário,nan,False,MS,26-02-2021
756,Vigorous Chatelet,Masculino,2374.67,False,AM,12-03-2024
757,Laughing Noether,Não-binário,632.55,False,RO,01-12-2021
758,Recursing Turing,Masculino,666.00,True,TO,20-07-2022
759,Pensive Clarke,Não-binário,755.08,False,AM,15-06-2021
760,Angry Fermat,Masculino,2789.84,True,CE,24-11-2021
761,Nifty Agnesi,Masculino,620.39,True,PI,18-12-2023
762,Romantic Noether,Não-binário,438.37,True,SP,21-12-2020
763,Compassionate Maxwell,Masculino,1458.24,False,PB,25-01-2022
764,Naughty Hertz,Não-binário,1494.56,True,CE,16-02-2021
765,Affectionate Lewin,Feminino,340.27,True,RJ,24-10-2020
766,Blissful Wright,Feminino,508.08,True,ES,09-01-2021
767,Naughty Villani,Feminino,778.82,False,TO,20-02-2024
768,Quirky Fermat,Não-binário,481.01,False,MG,22-08-2020
769,Frosty Easley,Feminino,404.95,False,AC,13-01-2020
770,Pedantic Vaughan,Feminino,186.53,True,AC,01-10-2024
771,Sleepy Heisenberg,Feminino,22.64,True,PI,23-04-2023
772,Clever Wilson,Masculino,328.64,False,SC,24-01-2021
773,Heuristic Nightingale,Feminino,552.62,True,RS,28-08-2021
774,Quizzical Galois,Feminino,567.99,False,RN,27-12-2023
775,Crazy Williamson,Feminino,nan,True,RR,09-05-2021
776,Clever Wilson,Masculino,22.99,False,PR,05-01-2021
777,Wonderful Curie,Não-binário,233.55,True,DF,20-03-2022
778,Youthful Chatterjee,Masculino,57.54,True,MT,16-09-2022
779,Gifted Hellman,Masculino,421.27,True,PA,25-09-2024
780,Cranky Lalande,Não-binário,1248.53,True,MT,19-07-2023
781,Vigorous Sanderson,Não-binário,906.60,True,PE,20-02-2024
782,Pedantic Haslett,Feminino,2731.45,True,MG,25-05-2020
783,Beautiful Gould,Feminino,807.16,False,RJ,13-08-2022
784,Unruffled Kalam,Masculino,459.05,True,RN,27-11-2021
785,Reverent Montalcini,Feminino,567.17,False,AP,02-06-2022
786,Heuristic Curran,Não-binário,199.95,True,RR,23-02-2023
787,Elastic Varahamihira,Masculino,273.19,True,RS,23-12-2024
788,Recursing Lichterman,Feminino,2399.55,True,RO,06-12-2020
789,Magical Robinson,Feminino,nan,False,AP,22-06-2023
790,Strange Kirch,Não-binário,622.41,True,DF,18-08-2023
791,Dreamy Johnson,Não-binário,180.82,True,AM,21-11-2022
792,Confident Ardinghelli,Masculino,835.37,False,PI,15-07-2024
793,Sweet Mendel,Masculino,1285.60,True,AC,09-10-2021
794,Nifty Chaum,Feminino,142.50,True,RN,18-11-2020
795,Fervent Liskov,Não-binário,500.56,True,MT,20-03-2020
796,Agitated Noether,Não-binário,60.50,False,MA,09-08-2024
797,Zen Boyd,Feminino,418.85,True,MG,19-01-2020
798,Hungry Driscoll,Feminino,416.75,True,RO,03-12-2023
799,Relaxed Jennings,Masculino,221.08,False,RJ,24-12-2023
800,Distracted Euler,Feminino,nan,True,MA,11-07-2022
801,Musing Jepsen,Feminino,1268.58,True,SC,02-01-2020
802,Focused Stonebraker,Masculino,2895.63,False,SE,18-08-2022
803,Amazing Wescoff,Não-binário,2370.16,False,RJ,01-08-2024
804,Flamboyant Tu,Masculino,822.98,False,MG,14-05-2024
805,Sharp Proskuriakova,Não-binário,630.15,False,CE,07-08-2020
806,Serene Yonath,Não-binário,947.25,False,TO,22-07-2024
807,Frosty Tereshkova,Não-binário,832.49,True,ES,13-03-2022
808,Bold Jennings,Feminino,883.40,False,GO,01-09-2023
809,Cool Keller,Feminino,298.71,True,SC,06-07-2021
810,Stoic Sinoussi,Masculino,266.82,True,AP,28-03-2022
811,Gallant Williams,Não-binário,280.14,True,MA,22-03-2020
812,Inspiring Zhukovsky,Masculino,892.77,True,SE,05-08-2021
813,Gracious Carver,Masculino,nan,True,RJ,11-05-2020
814,Elated Dubinsky,Não-binário,520.90,False,SP,21-10-2023
815,Eloquent Heyrovsky,Não-binário,1803.74,True,MA,08-11-2020
816,Amazing Sammet,Não-binário,676.23,True,PI,26-03-2020
817,Unruffled Thompson,Masculino,nan,False,PR,19-04-2023
818,Pensive Joliot,Masculino,113.12,False,PI,01-05-2022
819,Stupefied Ganguly,Masculino,1113.33,True,ES,25-09-2022
820,Silly Sanderson,Não-binário,902.95,False,RJ,13-05-2023
821,Nervous Napier,Masculino,1.29,False,AC,12-05-2024
822,Nervous Hugle,Masculino,2532.13,False,RR,02-09-2020
823,Stoic Knuth,Masculino,nan,True,DF,03-09-2021
824,Peaceful Wescoff,Masculino,2080.07,False,MT,26-02-2024
825,Amazing Mirzakhani,Feminino,nan,True,DF,08-07-2020
826,Vigilant Taussig,Masculino,858.15,True,AM,03-04-2020
827,Serene Borg,Feminino,940.03,False,BA,04-12-2023
828,Nice Gould,Feminino,1006.10,False,SC,24-01-2024
829,Vibrant Bhaskara,Feminino,2377.17,False,RS,27-06-2024
830,Lucid Torvalds,Não-binário,762.52,False,GO,11-07-2023
831,Friendly Aryabhata,Não-binário,1633.84,False,PR,07-08-2020
832,Sweet Dubinsky,Feminino,2625.12,False,RS,03-03-2021
833,Competent Goodall,Feminino,2478.67,False,RO,01-01-2020
834,Zealous Wright,Masculino,851.99,True,TO,09-12-2020
835,Compassionate Benz,Não-binário,191.47,True,SC,11-04-2020
836,Relaxed Ritchie,Masculino,577.81,False,RS,16-11-2023
837,Sleepy Mahavira,Feminino,2289.36,False,MS,29-07-2024
838,Gallant Shirley,Feminino,nan,True,MA,07-11-2023
839,Gifted Blackwell,Masculino,1035.00,False,DF,16-01-2021
840,Intelligent Mestorf,Não-binário,1596.25,False,CE,16-02-2022
841,Magical Shamir,Feminino,236.43,False,MG,20-07-2023
842,Gallant Sanderson,Não-binário,953.44,False,DF,04-07-2021
843,Frosty Darwin,Feminino,344.55,True,BA,06-11-2024
844,Elated Booth,Masculino,603.50,True,RN,03-05-2023
845,Priceless Chatterjee,Não-binário,977.78,True,AM,25-08-2024
846,Crazy Cohen,Masculino,841.11,True,PB,25-06-2020
847,Reverent Allen,Feminino,655.93,True,ES,17-10-2020
848,Exciting Blackburn,Masculino,931.93,False,RO,25-03-2022
849,Xenodochial Cerf,Masculino,1183.09,False,RR,01-02-2023
850,Sweet Ellis,Não-binário,1903.75,True,ES,27-01-2021
851,Laughing Einstein,Feminino,221.44,True,RJ,11-02-2022
852,Serene Borg,Masculino,760.62,False,PR,24-01-2020
853,Zen Bardeen,Masculino,2517.31,False,AP,18-05-2020
854,Keen Gauss,Feminino,913.36,True,RO,31-03-2022
855,Frosty Kilby,Não-binário,1536.97,False,SE,15-02-2024
856,Keen Montalcini,Feminino,678.41,False,RS,24-07-2024
857,Wonderful Haibt,Não-binário,263.36,False,DF,04-02-2021
858,Compassionate Shamir,Não-binário,348.48,True,MS,21-10-2021
859,Fervent Mirzakhani,Não-binário,947.09,False,AP,08-07-2023
860,Eloquent Shtern,Não-binário,389.29,False,MT,25-08-2020
861,Tender Cray,Não-binário,1894.79,False,PA,29-07-2021
862,Zen Carson,Não-binário,527.94,False,BA,15-11-2024
863,Compassionate Dirac,Não-binário,2051.24,False,RJ,04-08-2023
864,Vigorous Agnesi,Masculino,2347.03,True,AC,27-07-2020
865,Suspicious Curie,Feminino,1945.12,True,MT,28-11-2020
866,Loving Kalam,Não-binário,719.04,True,PA,23-01-2021
867,Thirsty Perlman,Não-binário,1080.60,True,TO,28-11-2021
868,Compassionate Wu,Feminino,1675.12,False,SE,09-03-2021
869,Beautiful Brahmagupta,Não-binário,842.13,True,GO,21-04-2022
870,Gallant Moore,Masculino,2224.51,False,AM,04-10-2021
871,Funny Jennings,Masculino,835.47,True,RR,25-03-2024
872,Nervous Shaw,Não-binário,1236.71,True,PA,28-04-2021
873,Thirsty Goldwasser,Não-binário,2131.93,False,RR,26-12-2020
874,Elated Liskov,Não-binário,201.37,True,AM,15-01-2022
875,Boring Brown,Masculino,698.66,True,PI,16-01-2023
876,Nervous Borg,Não-binário,1921.93,True,SC,17-07-2023
877,Gracious Murdock,Não-binário,279.19,True,CE,21-05-2021
878,Practical Liskov,Feminino,1439.16,True,PE,06-03-2021
879,Boring Lichterman,Feminino,91.67,False,CE,02-06-2024
880,Sharp Merkle,Masculino,394.82,True,MS,22-04-2024
881,Vigilant Mayer,Feminino,168.13,True,RO,08-09-2021
882,Upbeat Moore,Feminino,136.18,False,RO,04-01-2021
883,Epic Grothendieck,Feminino,178.85,True,BA,03-01-2023
884,Stupefied Tharp,Feminino,2377.37,False,PI,08-10-2024
885,Nice Lumiere,Não-binário,188.76,False,PA,16-01-2020
886,Nostalgic Cray,Não-binário,746.55,False,GO,27-05-2024
887,Heuristic Meninsky,Não-binário,1194.03,True,RJ,18-03-2022
888,Laughing Ardinghelli,Masculino,262.98,True,BA,25-09-2024
889,Jovial Jepsen,Feminino,217.70,True,GO,01-09-2021
890,Friendly Poincare,Feminino,942.18,False,PR,22-04-2021
891,Unruffled Yalow,Feminino,1424.28,True,PA,19-06-2021
892,Sharp Pascal,Masculino,803.36,False,PI,23-09-2024
893,Blissful Galileo,Feminino,989.50,True,SP,04-06-2023
894,Relaxed Snyder,Masculino,2894.83,False,SC,08-11-2021
895,Clever Perlman,Não-binário,555.59,False,PA,26-02-2024
896,Sad Burnell,Masculino,537.91,False,AP,26-11-2020
897,Wonderful Heyrovsky,Não-binário,743.89,True,AC,15-09-2024
898,Dreamy Jang,Masculino,440.30,False,PI,14-09-2020
899,Infallible Albattani,Não-binário,2680.05,False,PB,20-03-2020
900,Gracious Brattain,Masculino,1885.01,False,PR,02-11-2021
901,Intelligent Khorana,Feminino,140.90,False,AM,13-12-2020
902,Hardcore Golick,Masculino,1834.70,False,PI,27-01-2024
903,Great Cartwright,Masculino,1720.25,True,SC,11-07-2021
904,Dreamy Kalam,Masculino,614.41,True,RN,11-04-2024
905,Interesting Napier,Feminino,885.72,True,AL,23-12-2023
906,Lucid Lichterman,Masculino,0.15,False,TO,28-01-2022
907,Awesome Moser,Masculino,1807.84,False,AL,05-12-2021
908,Strange Khayyam,Feminino,78.17,False,GO,18-10-2020
909,Elated Kirch,Masculino,nan,True,RR,06-04-2020
910,Serene Rosalind,Feminino,474.09,False,MA,16-07-2024
911,Friendly Bell,Masculino,2860.70,True,DF,18-10-2022
912,Angry Almeida,Feminino,259.47,False,RR,04-02-2024
913,Stoic Hofstadter,Feminino,206.29,True,RR,31-12-2021
914,Brave Antonelli,Feminino,nan,False,MS,12-02-2023
915,Focused Cartwright,Não-binário,143.07,True,BA,01-11-2024
916,Jolly Hawking,Não-binário,2688.39,False,PE,17-03-2021
917,Modest Leakey,Não-binário,245.50,False,MA,09-10-2021
918,Sad Euclid,Não-binário,386.41,False,RS,21-11-2024
919,Determined Kowalevski,Feminino,913.27,False,PE,01-05-2022
920,Clever Joliot,Não-binário,473.17,True,PI,26-07-2021
921,Gracious Volhard,Masculino,289.19,False,SE,18-12-2021
922,Sad Ellis,Não-binário,217.23,False,PR,29-05-2023
923,Charming Matsumoto,Feminino,315.77,False,AL,22-05-2021
924,Strange Blackburn,Feminino,884.33,False,TO,20-12-2020
925,Jovial Leavitt,Feminino,2469.73,False,GO,12-08-2021
926,Tender Driscoll,Masculino,480.47,True,RN,30-11-2023
927,Keen Montalcini,Feminino,90.54,True,CE,09-01-2021
928,Silly Nash,Não-binário,468.07,True,MA,11-07-2022
929,Clever Heisenberg,Feminino,62.19,True,PR,17-03-2022
930,Clever Poincare,Não-binário,1603.06,True,ES,15-12-2024
931,Hardcore Mclean,Não-binário,863.89,False,RO,01-06-2020
932,Pedantic Chaum,Não-binário,2308.06,True,CE,11-02-2022
933,Loving Albattani,Feminino,649.28,False,PI,01-02-2023
934,Flamboyant Heisenberg,Não-binário,nan,False,RO,18-04-2023
935,Festive Allen,Não-binário,574.01,False,PI,15-01-2020
936,Magical Goodall,Masculino,460.27,False,MG,11-02-2024
937,Compassionate Robinson,Não-binário,910.13,False,PR,28-04-2020
938,Elegant Liskov,Masculino,768.95,False,PB,15-10-2024
939,Jovial Jepsen,Não-binário,213.75,True,SE,09-03-2023
940,Confident Turing,Feminino,258.24,True,RO,10-06-2021
941,Nice Mclaren,Feminino,475.45,True,AC,07-09-2020
942,Nervous Dijkstra,Não-binário,735.12,False,MS,10-02-2020
943,Strange Mestorf,Não-binário,1328.79,True,MA,17-10-2021
944,Determined Saha,Não-binário,276.76,True,AC,07-03-2023
945,Jolly Bhaskara,Feminino,2566.97,True,PE,14-09-2023
946,Eager Babbage,Feminino,1961.16,True,RR,08-04-2020
947,Focused Chandrasekhar,Não-binário,2834.95,False,CE,17-03-2022
948,Epic Mendeleev,Feminino,346.99,True,CE,24-12-2022
949,Nice Khorana,Não-binário,159.09,True,AP,01-07-2024
950,Sweet Pike,Feminino,1832.16,True,ES,28-09-2024
951,Tender Davinci,Feminino,895.47,False,PR,02-04-2024
952,Inspiring Banach,Feminino,958.78,True,RJ,29-01-2023
953,Strange Boyd,Não-binário,76.80,True,RR,27-06-2021
954,Angry Euler,Masculino,880.64,False,AC,24-01-2024
955,Determined Meitner,Não-binário,877.09,True,RO,11-07-2022
956,Gifted Tharp,Feminino,102.09,True,MA,16-09-2021
957,Great Swirles,Masculino,1224.01,False,GO,22-09-2023
958,Beautiful Banzai,Masculino,650.01,False,AC,23-08-2020
959,Blissful Goldstine,Masculino,2419.08,True,AC,21-02-2022
960,Cranky Pike,Não-binário,2135.68,False,AC,04-02-2020
961,Modest Bardeen,Masculino,988.52,False,DF,25-01-2021
962,Gracious Faraday,Masculino,473.11,False,AP,07-09-2020
963,Eloquent Ramanujan,Feminino,1598.03,False,PA,12-08-2022
964,Intelligent Driscoll,Não-binário,385.23,True,PE,26-09-2024
965,Objective Dubinsky,Masculino,857.38,False,CE,20-07-2024
966,Zealous Poincare,Não-binário,433.31,True,RO,09-02-2022
967,Charming Mclaren,Masculino,211.74,True,RJ,11-03-2024
968,Laughing Pike,Masculino,562.00,True,SP,15-07-2024
969,Modest Heyrovsky,Masculino,1804.87,True,PI,12-07-2023
970,Serene Mayer,Não-binário,2517.93,False,ES,18-09-2023
971,Thirsty Swirles,Masculino,2586.13,False,RS,21-11-2021
972,Funny Leavitt,Feminino,140.05,False,CE,16-01-2021
973,Sleepy Diffie,Não-binário,nan,False,CE,04-05-2024
974,Nice Kowalevski,Masculino,2930.66,False,PR,02-12-2021
975,Unruffled Nobel,Não-binário,185.27,True,SE,06-01-2022
976,Elated Jackson,Não-binário,935.79,False,PA,29-10-2024
977,Boring Swirles,Masculino,1982.27,False,SE,04-06-2020
978,Serene Robinson,Feminino,867.86,False,SE,05-11-2023
979,Nervous Haslett,Masculino,2817.55,True,MT,06-01-2022
980,Exciting Pike,Feminino,567.87,True,ES,25-10-2023
981,Dazzling Allen,Não-binário,773.78,False,ES,23-03-2020
982,Mystifying Bassi,Masculino,1743.55,False,SE,15-09-2024
983,Distracted Volhard,Não-binário,453.56,False,CE,28-07-2020
984,Dazzling Wu,Feminino,369.39,False,GO,27-09-2021
985,Mystifying Saha,Não-binário,835.16,False,SE,20-11-2022
986,Priceless Chebyshev,Não-binário,990.86,False,RR,26-12-2022
987,Vigilant Wilson,Masculino,629.41,True,PI,27-06-2021
988,Dazzling Mclaren,Feminino,937.99,False,SC,06-05-2021
989,Romantic Galois,Não-binário,1498.52,False,AM,25-08-2024
990,Hopeful Greider,Masculino,310.57,False,AM,18-02-2023
991,Pensive Sutherland,Não-binário,874.46,False,CE,14-02-2023
992,Serene Almeida,Masculino,663.79,True,RO,05-08-2024
993,Brave Hermann,Masculino,545.12,True,AC,17-04-2021
994,Boring Perlman,Masculino,1331.70,True,AC,04-07-2023
995,Agitated Edison,Não-binário,37.95,False,DF,14-09-2023
996,Adoring Pasteur,Masculino,437.81,False,PA,30-11-2023
997,Heuristic Cori,Masculino,539.48,True,PB,21-09-2024
998,Loving Cannon,Feminino,907.96,False,MS,03-06-2023
999,Magical Panini,Não-binário,218.76,True,DF,24-09-2020
1000,Intelligent Elbakyan,Não-binário,803.41,True,SP,09-11-2023
